46875a,127.0.0.1,GET,http://localhost:8090/testPark/web/app_dev.php/,1477324551,b52c89,200
b52c89,127.0.0.1,GET,http://localhost:8090/testPark/web/app_dev.php/,1477324551,,500
95dff0,127.0.0.1,GET,http://localhost:8090/testPark/web/app_dev.php/,1477326195,3946f0,200
3946f0,127.0.0.1,GET,http://localhost:8090/testPark/web/app_dev.php/,1477326195,,500
235019,127.0.0.1,GET,http://localhost:8090/testPark/web/app_dev.php/,1477329328,,200
0b2ead,127.0.0.1,GET,http://localhost:8090/testPark/web/app_dev.php/,1477329387,,200
086cbb,127.0.0.1,GET,http://localhost:8090/testPark/web/app_dev.php/,1477329483,,200
2009ee,127.0.0.1,GET,http://localhost:8090/testPark/web/app_dev.php/,1477329493,,200
8f9c10,127.0.0.1,GET,http://localhost:8090/testPark/web/app_dev.php/,1477329900,a8cf37,200
a8cf37,127.0.0.1,GET,http://localhost:8090/testPark/web/app_dev.php/,1477329900,,500
688eb4,127.0.0.1,GET,http://localhost:8090/testPark/web/app_dev.php/,1477329970,1da565,200
1da565,127.0.0.1,GET,http://localhost:8090/testPark/web/app_dev.php/,1477329970,,500
d97f08,127.0.0.1,GET,http://localhost:8090/testPark/web/app_dev.php/,1477330156,dc381b,200
dc381b,127.0.0.1,GET,http://localhost:8090/testPark/web/app_dev.php/,1477330156,,500
310b2f,127.0.0.1,GET,http://localhost:8090/testPark/web/app_dev.php/,1477330374,17a81a,200
17a81a,127.0.0.1,GET,http://localhost:8090/testPark/web/app_dev.php/,1477330374,,500
e5bd92,127.0.0.1,GET,http://localhost:8090/testPark/web/app_dev.php/,1477330393,,200
d85c5a,127.0.0.1,GET,http://localhost:8090/testPark/web/app_dev.php/,1477330661,,200
f8206f,127.0.0.1,GET,http://localhost:8090/testPark/web/app_dev.php/,1477330833,,200
496a53,127.0.0.1,GET,http://localhost:8090/testPark/web/app_dev.php/,1477330858,,200
09ddb8,127.0.0.1,GET,http://localhost:8090/testPark/web/app_dev.php/,1477331183,,200
9a7609,127.0.0.1,GET,http://localhost:8090/testPark/web/app_dev.php/,1477331374,,200
178cc5,127.0.0.1,GET,http://localhost:8090/testPark/web/app_dev.php/,1477331416,,200
5a4160,127.0.0.1,GET,http://localhost:8090/testPark/web/app_dev.php/,1477331674,,200
2d4d9a,127.0.0.1,GET,http://localhost:8090/testPark/web/app_dev.php/,1477331726,,200
8dfd37,127.0.0.1,GET,http://localhost:8090/testPark/web/app_dev.php/,1477331798,,200
87ea5d,127.0.0.1,GET,http://localhost:8090/testPark/web/app_dev.php/,1477331816,,200
5c8eef,127.0.0.1,GET,http://localhost:8090/testPark/web/app_dev.php/,1477332626,,200
04b16a,127.0.0.1,GET,http://localhost:8090/testPark/web/app_dev.php/,1477332651,,200
d4fdc7,127.0.0.1,GET,http://localhost:8090/testPark/web/app_dev.php/,1477332865,,200
810c0d,127.0.0.1,GET,http://localhost:8090/testPark/web/app_dev.php/,1477332879,,200
df970a,127.0.0.1,GET,http://localhost:8090/testPark/web/app_dev.php/,1477332891,,200
4ba6e2,127.0.0.1,GET,http://localhost:8090/testPark/web/app_dev.php/,1477332923,,200
500148,127.0.0.1,GET,http://localhost:8090/testPark/web/app_dev.php/,1477333380,,200
09ebfb,127.0.0.1,GET,http://localhost:8090/testPark/web/app_dev.php/,1477333464,,200
28b461,127.0.0.1,GET,http://localhost:8090/testPark/web/app_dev.php/,1477333580,,200
f7c231,127.0.0.1,GET,http://localhost:8090/testPark/web/app_dev.php/,1477333605,,200
cb641f,127.0.0.1,GET,http://localhost:8090/testPark/web/app_dev.php/,1477334091,ca9496,200
ca9496,127.0.0.1,GET,http://localhost:8090/testPark/web/app_dev.php/,1477334091,,500
9ac241,127.0.0.1,GET,http://localhost:8090/testPark/web/app_dev.php/,1477335336,2bcaf4,200
2bcaf4,127.0.0.1,GET,http://localhost:8090/testPark/web/app_dev.php/,1477335336,,500
498624,127.0.0.1,GET,http://localhost:8090/testPark/web/app_dev.php/,1477335353,a0bd2f,200
a0bd2f,127.0.0.1,GET,http://localhost:8090/testPark/web/app_dev.php/,1477335353,,500
91e55e,127.0.0.1,GET,http://localhost:8090/testPark/web/app_dev.php/,1477335660,aa90a3,200
aa90a3,127.0.0.1,GET,http://localhost:8090/testPark/web/app_dev.php/,1477335660,,500
f10b71,127.0.0.1,GET,http://localhost:8090/testPark/web/app_dev.php/,1477335767,59814d,200
59814d,127.0.0.1,GET,http://localhost:8090/testPark/web/app_dev.php/,1477335767,,500
0afc39,127.0.0.1,GET,http://localhost:8090/testPark/web/app_dev.php/,1477335794,0c292f,200
0c292f,127.0.0.1,GET,http://localhost:8090/testPark/web/app_dev.php/,1477335794,,500
b19ed9,127.0.0.1,GET,http://localhost:8090/testPark/web/app_dev.php/,1477335994,,200
d074c7,127.0.0.1,GET,http://localhost:8090/testPark/web/app_dev.php/,1477336182,,200
e00128,127.0.0.1,GET,http://localhost:8090/testPark/web/app_dev.php/,1477336201,,200
5d4f8a,127.0.0.1,GET,http://localhost:8090/testPark/web/app_dev.php/,1477336261,,200
08f801,127.0.0.1,GET,http://localhost:8090/testPark/web/app_dev.php/,1477336283,,200
6c9da4,127.0.0.1,GET,http://localhost:8090/testPark/web/app_dev.php/,1477336325,,200
1c6931,127.0.0.1,GET,http://localhost:8090/testPark/web/app_dev.php/,1477336328,,200
7f4455,127.0.0.1,GET,http://localhost:8090/testPark/web/app_dev.php/,1477336359,,200
b8d4e7,127.0.0.1,GET,http://localhost:8090/testPark/web/app_dev.php/,1477336361,,200
046a42,127.0.0.1,GET,http://localhost:8090/testPark/web/app_dev.php/,1477336366,,200
2d909e,127.0.0.1,GET,http://localhost:8090/testPark/web/app_dev.php/,1477336394,,200
3eaf85,127.0.0.1,GET,http://localhost:8090/testPark/web/app_dev.php/,1477336428,,200
927e2b,127.0.0.1,GET,http://localhost:8090/testPark/web/app_dev.php/,1477336591,f982af,200
f982af,127.0.0.1,GET,http://localhost:8090/testPark/web/app_dev.php/,1477336591,,500
b5516c,127.0.0.1,GET,http://localhost:8090/testPark/web/app_dev.php/,1477336665,c222bc,200
c222bc,127.0.0.1,GET,http://localhost:8090/testPark/web/app_dev.php/,1477336665,,500
571086,127.0.0.1,GET,http://localhost:8090/testPark/web/app_dev.php/,1477336667,5b32b2,200
5b32b2,127.0.0.1,GET,http://localhost:8090/testPark/web/app_dev.php/,1477336667,,500
0f14ad,127.0.0.1,GET,http://localhost:8090/testPark/web/app_dev.php/,1477336680,8d8010,200
8d8010,127.0.0.1,GET,http://localhost:8090/testPark/web/app_dev.php/,1477336680,,500
097987,127.0.0.1,GET,http://localhost:8090/testPark/web/app_dev.php/,1477336682,ce6b15,200
ce6b15,127.0.0.1,GET,http://localhost:8090/testPark/web/app_dev.php/,1477336682,,500
662b2a,127.0.0.1,GET,http://localhost:8090/testPark/web/app_dev.php/,1477336714,3804d9,200
3804d9,127.0.0.1,GET,http://localhost:8090/testPark/web/app_dev.php/,1477336714,,500
e79068,127.0.0.1,GET,http://localhost:8090/testPark/web/app_dev.php/,1477336724,a43bff,200
a43bff,127.0.0.1,GET,http://localhost:8090/testPark/web/app_dev.php/,1477336724,,500
934433,127.0.0.1,GET,http://localhost:8090/testPark/web/app_dev.php/,1477336730,71fce6,200
71fce6,127.0.0.1,GET,http://localhost:8090/testPark/web/app_dev.php/,1477336730,,500
92ef07,127.0.0.1,GET,http://localhost:8090/testPark/web/app_dev.php/,1477336736,dcf22a,200
dcf22a,127.0.0.1,GET,http://localhost:8090/testPark/web/app_dev.php/,1477336736,,500
5ff20f,127.0.0.1,GET,http://localhost:8090/testPark/web/app_dev.php/,1477336824,,200
1accbc,127.0.0.1,GET,http://localhost:8090/testPark/web/app_dev.php/,1477337172,,200
1d16a3,127.0.0.1,GET,http://localhost:8090/testPark/web/app_dev.php/,1477337328,,200
643851,127.0.0.1,GET,http://localhost:8090/testPark/web/app_dev.php/,1477337409,,200
f9177e,127.0.0.1,GET,http://localhost:8090/testPark/web/app_dev.php/api/products,1477337642,f3edde,200
f3edde,127.0.0.1,GET,http://localhost:8090/testPark/web/app_dev.php/api/products,1477337642,,404
1ee6dd,127.0.0.1,GET,http://localhost:8090/testPark/web/app_dev.php/api/products,1477339541,da89fd,200
da89fd,127.0.0.1,GET,http://localhost:8090/testPark/web/app_dev.php/api/products,1477339541,,404
a42d8d,127.0.0.1,GET,http://localhost:8090/testPark/web/app_dev.php/,1477339547,ca6221,200
ca6221,127.0.0.1,GET,http://localhost:8090/testPark/web/app_dev.php/,1477339547,,500
69f4ff,127.0.0.1,GET,http://localhost:8090/testPark/web/app_dev.php/,1477339597,,200
f4b220,127.0.0.1,GET,http://localhost:8090/testPark/web/app_dev.php/,1477340542,,200
6b7e37,127.0.0.1,GET,http://localhost:8090/testPark/web/app_dev.php/,1477340704,,200
6bc100,127.0.0.1,GET,http://localhost:8090/testPark/web/app_dev.php/,1477342978,12e974,200
12e974,127.0.0.1,GET,http://localhost:8090/testPark/web/app_dev.php/,1477342978,,500
016085,127.0.0.1,GET,http://localhost:8090/testPark/web/app_dev.php/,1477343004,f318c6,200
f318c6,127.0.0.1,GET,http://localhost:8090/testPark/web/app_dev.php/,1477343004,,500
ce2e69,127.0.0.1,GET,http://localhost:8090/testPark/web/app_dev.php/,1477343006,d3f14e,200
d3f14e,127.0.0.1,GET,http://localhost:8090/testPark/web/app_dev.php/,1477343006,,500
418b9a,127.0.0.1,GET,http://localhost:8090/testPark/web/app_dev.php/,1477343015,fb9928,200
fb9928,127.0.0.1,GET,http://localhost:8090/testPark/web/app_dev.php/,1477343015,,500
9215f0,127.0.0.1,GET,http://localhost:8090/testPark/web/app_dev.php/,1477343056,535e8e,200
535e8e,127.0.0.1,GET,http://localhost:8090/testPark/web/app_dev.php/,1477343056,,500
08ea34,127.0.0.1,GET,http://localhost:8090/testPark/web/app_dev.php/,1477343136,8cc993,200
8cc993,127.0.0.1,GET,http://localhost:8090/testPark/web/app_dev.php/,1477343136,,500
31aee2,127.0.0.1,GET,http://localhost:8090/testPark/web/app_dev.php/,1477343156,4db2a3,200
4db2a3,127.0.0.1,GET,http://localhost:8090/testPark/web/app_dev.php/,1477343156,,500
d1449c,127.0.0.1,GET,http://localhost:8090/testPark/web/app_dev.php/,1477343211,,200
da11c2,127.0.0.1,GET,http://localhost:8090/testPark/web/app_dev.php/,1477343245,,200
05dfef,127.0.0.1,GET,http://localhost:8090/testPark/web/app_dev.php/,1477343287,,200
c01b25,127.0.0.1,GET,http://localhost:8090/testPark/web/app_dev.php/,1477343349,,200
2a0767,127.0.0.1,GET,http://localhost:8090/testPark/web/app_dev.php/,1477343385,,200
cebaac,127.0.0.1,GET,http://localhost:8090/testPark/web/app_dev.php/,1477343541,,200
956948,127.0.0.1,GET,http://localhost:8090/testPark/web/app_dev.php/,1477343548,,200
07d721,127.0.0.1,GET,http://localhost:8090/testPark/web/app_dev.php/,1477343577,,200
7bd721,127.0.0.1,GET,http://localhost:8090/testPark/web/app_dev.php/,1477343703,,200
3c8ac7,127.0.0.1,GET,http://localhost:8090/testPark/web/app_dev.php/,1477343719,,200
939ca0,127.0.0.1,GET,http://localhost:8090/testPark/web/app_dev.php/,1477343873,,200
c162e9,127.0.0.1,GET,http://localhost:8090/testPark/web/app_dev.php/,1477343882,,200
4928f3,127.0.0.1,GET,http://localhost:8090/testPark/web/app_dev.php/,1477343929,,200
e0efd5,127.0.0.1,GET,http://localhost:8090/testPark/web/app_dev.php/,1477344063,a54927,200
a54927,127.0.0.1,GET,http://localhost:8090/testPark/web/app_dev.php/,1477344063,,500
93867a,127.0.0.1,GET,http://localhost:8090/testPark/web/app_dev.php/,1477344083,c5079f,200
c5079f,127.0.0.1,GET,http://localhost:8090/testPark/web/app_dev.php/,1477344083,,500
f076b6,127.0.0.1,GET,http://localhost:8090/testPark/web/app_dev.php/,1477344115,7e1763,200
7e1763,127.0.0.1,GET,http://localhost:8090/testPark/web/app_dev.php/,1477344115,,500
a7c448,127.0.0.1,GET,http://localhost:8090/testPark/web/app_dev.php/,1477344181,4b0099,200
4b0099,127.0.0.1,GET,http://localhost:8090/testPark/web/app_dev.php/,1477344181,,500
b5450c,127.0.0.1,GET,http://localhost:8090/testPark/web/app_dev.php/,1477344190,2a7f85,200
2a7f85,127.0.0.1,GET,http://localhost:8090/testPark/web/app_dev.php/,1477344190,,500
546604,127.0.0.1,GET,http://localhost:8090/testPark/web/app_dev.php/,1477344218,a5f3a3,200
a5f3a3,127.0.0.1,GET,http://localhost:8090/testPark/web/app_dev.php/,1477344218,,500
fa5475,127.0.0.1,GET,http://localhost:8090/testPark/web/app_dev.php/,1477344588,,200
86cdff,127.0.0.1,GET,http://localhost:8090/testPark/web/app_dev.php/,1477344630,,200
07904f,127.0.0.1,GET,http://localhost:8090/testPark/web/app_dev.php/,1477344640,,200
ffedc1,127.0.0.1,GET,http://localhost:8090/testPark/web/app_dev.php/,1477344687,,200
f79f36,127.0.0.1,GET,http://localhost:8090/testPark/web/app_dev.php/,1477344694,,200
374b3f,127.0.0.1,GET,http://localhost:8090/testPark/web/app_dev.php/,1477344770,,200
ca600c,127.0.0.1,GET,http://localhost:8090/testPark/web/app_dev.php/,1477344785,,200
faadca,127.0.0.1,GET,http://localhost:8090/testPark/web/app_dev.php/,1477344930,,200
5c791c,127.0.0.1,GET,http://localhost:8090/testPark/web/app_dev.php/,1477344930,,200
94b5f0,127.0.0.1,GET,http://localhost:8090/testPark/web/app_dev.php/,1477345091,,200
94c4a9,127.0.0.1,GET,http://localhost:8090/testPark/web/app_dev.php/,1477345109,,200
6ce774,127.0.0.1,GET,http://localhost:8090/testPark/web/app_dev.php/,1477345578,,200
b098d6,127.0.0.1,GET,http://localhost:8090/testPark/web/app_dev.php/,1477346131,,200
4cfb9f,127.0.0.1,GET,http://localhost:8090/testPark/web/app_dev.php/,1477349952,,200
606abf,127.0.0.1,GET,http://localhost:8090/testPark/web/app_dev.php/,1477350319,,200
123015,127.0.0.1,GET,http://localhost:8090/testPark/web/app_dev.php/,1477350330,,200
735a76,127.0.0.1,GET,http://localhost:8090/testPark/web/app_dev.php/,1477350561,,200
36c31f,127.0.0.1,GET,http://localhost:8090/testPark/web/app_dev.php/,1477350896,,200
073747,127.0.0.1,GET,http://localhost:8090/testPark/web/app_dev.php/,1477351616,,200
c75bbb,127.0.0.1,GET,http://localhost:8090/testPark/web/app_dev.php/,1477352161,,200
4b5d05,127.0.0.1,GET,http://localhost:8090/testPark/web/app_dev.php/,1477352421,95ba55,200
95ba55,127.0.0.1,GET,http://localhost:8090/testPark/web/app_dev.php/,1477352421,,500
2984a7,127.0.0.1,GET,http://localhost:8090/testPark/web/app_dev.php/,1477354303,491d29,200
491d29,127.0.0.1,GET,http://localhost:8090/testPark/web/app_dev.php/,1477354303,,500
c06761,127.0.0.1,GET,http://localhost:8090/testPark/web/app_dev.php/,1477354335,9c18e4,200
9c18e4,127.0.0.1,GET,http://localhost:8090/testPark/web/app_dev.php/,1477354335,,500
c50196,127.0.0.1,GET,http://localhost:8090/testPark/web/app_dev.php/,1477354354,fa405b,200
fa405b,127.0.0.1,GET,http://localhost:8090/testPark/web/app_dev.php/,1477354354,,500
ff2df6,127.0.0.1,GET,http://localhost:8090/testPark/web/app_dev.php/,1477354445,18df53,200
18df53,127.0.0.1,GET,http://localhost:8090/testPark/web/app_dev.php/,1477354445,,500
586cee,127.0.0.1,GET,http://localhost:8090/testPark/web/app_dev.php/,1477354463,851cfe,200
851cfe,127.0.0.1,GET,http://localhost:8090/testPark/web/app_dev.php/,1477354463,,500
6520d8,127.0.0.1,GET,http://localhost:8090/testPark/web/app_dev.php/,1477354490,3d9792,200
3d9792,127.0.0.1,GET,http://localhost:8090/testPark/web/app_dev.php/,1477354490,,500
d37056,127.0.0.1,GET,http://localhost:8090/testPark/web/app_dev.php/,1477354569,f2a426,200
f2a426,127.0.0.1,GET,http://localhost:8090/testPark/web/app_dev.php/,1477354569,,500
90db83,127.0.0.1,GET,http://localhost:8090/testPark/web/app_dev.php/,1477354876,4c6e1d,200
4c6e1d,127.0.0.1,GET,http://localhost:8090/testPark/web/app_dev.php/,1477354876,,500
dab25e,127.0.0.1,GET,http://localhost:8090/testPark/web/app_dev.php/,1477357011,,200
618675,127.0.0.1,GET,http://localhost:8090/testPark/web/app_dev.php/,1477357094,d13566,200
d13566,127.0.0.1,GET,http://localhost:8090/testPark/web/app_dev.php/,1477357094,,500
65be58,127.0.0.1,GET,http://localhost:8090/testPark/web/app_dev.php/,1477357144,decd16,200
decd16,127.0.0.1,GET,http://localhost:8090/testPark/web/app_dev.php/,1477357144,,500
071fa9,127.0.0.1,GET,http://localhost:8090/testPark/web/app_dev.php/,1477357436,ef4321,200
ef4321,127.0.0.1,GET,http://localhost:8090/testPark/web/app_dev.php/,1477357436,,500
ebd506,127.0.0.1,GET,http://localhost:8090/testPark/web/app_dev.php/,1477358677,2bcc8a,200
2bcc8a,127.0.0.1,GET,http://localhost:8090/testPark/web/app_dev.php/,1477358677,,500
ea8c13,127.0.0.1,GET,http://localhost:8090/testPark/web/app_dev.php/,1477358752,93bc6f,200
93bc6f,127.0.0.1,GET,http://localhost:8090/testPark/web/app_dev.php/,1477358752,,500
e88936,127.0.0.1,GET,http://localhost:8090/testPark/web/app_dev.php/,1477358764,566d0c,200
566d0c,127.0.0.1,GET,http://localhost:8090/testPark/web/app_dev.php/,1477358774,,500
5d57a8,127.0.0.1,GET,http://localhost:8090/testPark/web/app_dev.php/,1477359103,12d917,200
12d917,127.0.0.1,GET,http://localhost:8090/testPark/web/app_dev.php/,1477359103,,500
ea221a,127.0.0.1,GET,http://localhost:8090/testPark/web/app_dev.php/,1477359109,0816ee,200
0816ee,127.0.0.1,GET,http://localhost:8090/testPark/web/app_dev.php/,1477359109,,500
492d6a,127.0.0.1,GET,http://localhost:8090/testPark/web/app_dev.php/,1477360243,ad8278,200
ad8278,127.0.0.1,GET,http://localhost:8090/testPark/web/app_dev.php/,1477360243,,500
c40ffc,127.0.0.1,GET,http://localhost:8090/testPark/web/app_dev.php/,1477360274,f31976,200
f31976,127.0.0.1,GET,http://localhost:8090/testPark/web/app_dev.php/,1477360274,,500
e6064b,127.0.0.1,GET,http://localhost:8090/testPark/web/app_dev.php/,1477360279,3a8e54,200
3a8e54,127.0.0.1,GET,http://localhost:8090/testPark/web/app_dev.php/,1477360279,,500
0a65d8,127.0.0.1,GET,http://localhost:8090/testPark/web/app_dev.php/,1477360310,,200
eeacf3,127.0.0.1,GET,http://localhost:8090/testPark/web/app_dev.php/?page=2,1477360324,,200
fa577d,127.0.0.1,GET,http://localhost:8090/testPark/web/app_dev.php/?page=2,1477360607,4b59dd,200
4b59dd,127.0.0.1,GET,http://localhost:8090/testPark/web/app_dev.php/?page=2,1477360607,,500
44a1c9,127.0.0.1,GET,http://localhost:8090/testPark/web/app_dev.php/?page=2,1477360646,4a14b4,200
4a14b4,127.0.0.1,GET,http://localhost:8090/testPark/web/app_dev.php/?page=2,1477360646,,500
456c50,127.0.0.1,GET,http://localhost:8090/testPark/web/app_dev.php/?page=2,1477360650,888b5c,200
888b5c,127.0.0.1,GET,http://localhost:8090/testPark/web/app_dev.php/?page=2,1477360650,,500
64b3ec,127.0.0.1,GET,http://localhost:8090/testPark/web/app_dev.php/?page=2,1477360656,f2ee24,200
f2ee24,127.0.0.1,GET,http://localhost:8090/testPark/web/app_dev.php/?page=2,1477360656,,500
8b4edc,127.0.0.1,GET,http://localhost:8090/testPark/web/app_dev.php/?page=2,1477360730,060d33,200
060d33,127.0.0.1,GET,http://localhost:8090/testPark/web/app_dev.php/?page=2,1477360730,,500
62dc4b,127.0.0.1,GET,http://localhost:8090/testPark/web/app_dev.php/?page=2,1477360805,,200
a6871d,127.0.0.1,GET,http://localhost:8090/testPark/web/app_dev.php/?page=1,1477360832,,200
b03e0f,127.0.0.1,GET,http://localhost:8090/testPark/web/app_dev.php/?page=1,1477360856,,200
bd6a33,127.0.0.1,GET,http://localhost:8090/testPark/web/app_dev.php/?page=1,1477360889,,200
fea77e,127.0.0.1,GET,http://localhost:8090/testPark/web/app_dev.php/?page=5,1477360895,,200
ff3ad2,127.0.0.1,GET,http://localhost:8090/testPark/web/app_dev.php/?page=6,1477360903,,200
408cab,127.0.0.1,GET,http://localhost:8090/testPark/web/app_dev.php/?page=36,1477360909,,200
433ca0,127.0.0.1,GET,http://localhost:8090/testPark/web/app_dev.php/?page=32,1477360921,,200
2562dc,127.0.0.1,GET,http://localhost:8090/testPark/web/app_dev.php/?page=32,1477361055,,200
b20563,127.0.0.1,GET,http://localhost:8090/testPark/web/app_dev.php/?page=32,1477361058,,200
6e3fd8,127.0.0.1,GET,http://localhost:8090/testPark/web/app_dev.php/?page=32,1477361094,,200
502d14,127.0.0.1,GET,http://localhost:8090/testPark/web/app_dev.php/?page=32,1477361144,,200
1879ec,127.0.0.1,GET,http://localhost:8090/testPark/web/app_dev.php/?page=32,1477361240,,200
c51b19,127.0.0.1,GET,http://localhost:8090/testPark/web/app_dev.php/?page=32,1477361249,,200
f2a041,127.0.0.1,GET,http://localhost:8090/testPark/web/app_dev.php/?page=32,1477361284,,200
f9e0f0,127.0.0.1,GET,http://localhost:8090/testPark/web/app_dev.php/?page=32,1477361332,,200
360c8e,127.0.0.1,GET,http://localhost:8090/testPark/web/app_dev.php/?page=32,1477361370,,200
d1bfe3,127.0.0.1,GET,http://localhost:8090/testPark/web/app_dev.php/?page=32,1477361386,,200
753df2,127.0.0.1,GET,http://localhost:8090/testPark/web/app_dev.php/?page=32,1477361431,,200
226a69,127.0.0.1,GET,http://localhost:8090/testPark/web/app_dev.php/?page=32,1477361513,,200
7f8309,127.0.0.1,GET,http://localhost:8090/testPark/web/app_dev.php/?page=32,1477361521,,200
be37f6,127.0.0.1,GET,http://localhost:8090/testPark/web/app_dev.php/?page=32,1477361563,,200
10bf63,127.0.0.1,GET,http://localhost:8090/testPark/web/app_dev.php/?page=32,1477361566,,200
fb7507,127.0.0.1,GET,http://localhost:8090/testPark/web/app_dev.php/?page=32,1477361630,,200
e377c2,127.0.0.1,GET,http://localhost:8090/testPark/web/app_dev.php/?page=32,1477361634,,200
6dce45,127.0.0.1,GET,http://localhost:8090/testPark/web/app_dev.php/?page=32,1477361666,,200
12da03,127.0.0.1,GET,http://localhost:8090/testPark/web/app_dev.php/?page=32,1477361716,,200
144fc5,127.0.0.1,GET,http://localhost:8090/testPark/web/app_dev.php/?page=32,1477361723,,200
dc22c5,127.0.0.1,GET,http://localhost:8090/testPark/web/app_dev.php/?page=32,1477361778,,200
08554a,127.0.0.1,GET,http://localhost:8090/testPark/web/app_dev.php/?page=1,1477361785,,200
e03edd,127.0.0.1,GET,http://localhost:8090/testPark/web/app_dev.php/?page=1,1477361819,,200
3b089f,127.0.0.1,GET,http://localhost:8090/testPark/web/app_dev.php/?page=1,1477361822,,200
3e6c71,127.0.0.1,GET,http://localhost:8090/testPark/web/app_dev.php/?page=1,1477361835,,200
1ca08c,127.0.0.1,GET,http://localhost:8090/testPark/web/app_dev.php/?page=36,1477361858,,200
508525,127.0.0.1,GET,http://localhost:8090/testPark/web/app_dev.php/?page=1,1477361873,,200
a4fce3,127.0.0.1,GET,http://localhost:8090/testPark/web/app_dev.php/?page=1,1477361892,,200
0fe846,127.0.0.1,GET,http://localhost:8090/testPark/web/app_dev.php/?page=2,1477361919,,200
a84b50,127.0.0.1,GET,http://localhost:8090/testPark/web/app_dev.php/?page=5,1477361924,,200
6e9b43,127.0.0.1,GET,http://localhost:8090/testPark/web/app_dev.php/?page=6,1477361935,,200
710861,127.0.0.1,GET,http://localhost:8090/testPark/web/app_dev.php/?page=18,1477361948,,200
b91f3b,127.0.0.1,GET,http://localhost:8090/testPark/web/app_dev.php/?page=18,1477362983,,200
88d7e3,127.0.0.1,GET,http://localhost:8090/testPark/web/app_dev.php/?page=18,1477363084,,200
333cf8,127.0.0.1,GET,http://localhost:8090/testPark/web/app_dev.php/?page=18,1477363087,,200
86a7f1,127.0.0.1,GET,http://localhost:8090/testPark/web/app_dev.php/?page=18,1477363095,,200
4be60d,127.0.0.1,GET,http://localhost:8090/testPark/web/app_dev.php/?page=18,1477363170,,200
0e0914,127.0.0.1,GET,http://localhost:8090/testPark/web/app_dev.php/?page=18,1477363275,,200
330406,127.0.0.1,GET,http://localhost:8090/testPark/web/app_dev.php/?page=18,1477363316,,200
022909,127.0.0.1,GET,http://localhost:8090/testPark/web/app_dev.php/?page=18,1477363351,,200
f046ae,127.0.0.1,GET,http://localhost:8090/testPark/web/app_dev.php/?page=18,1477363371,,200
c514b8,127.0.0.1,GET,http://localhost:8090/testPark/web/app_dev.php/?page=18,1477363613,,200
3549f6,127.0.0.1,GET,http://localhost:8090/testPark/web/app_dev.php/?page=18,1477364286,c80e97,200
c80e97,127.0.0.1,GET,http://localhost:8090/testPark/web/app_dev.php/?page=18,1477364286,,500
177b72,127.0.0.1,GET,http://localhost:8090/testPark/web/app_dev.php/?page=18,1477364320,,200
bdbe7e,127.0.0.1,GET,http://localhost:8090/testPark/web/app_dev.php/?page=18,1477364352,,200
4307df,127.0.0.1,GET,http://localhost:8090/testPark/web/app_dev.php/?page=18,1477364531,,200
27c158,127.0.0.1,GET,http://localhost:8090/testPark/web/app_dev.php/?page=18,1477364602,,200
c2c989,127.0.0.1,GET,http://localhost:8090/testPark/web/app_dev.php/?page=18,1477364834,,200
6ec487,127.0.0.1,GET,http://localhost:8090/testPark/web/app_dev.php/?page=18,1477364841,,200
763bd4,127.0.0.1,GET,http://localhost:8090/testPark/web/app_dev.php/?page=18,1477364952,,200
26180a,127.0.0.1,GET,http://localhost:8090/testPark/web/app_dev.php/?page=18,1477365057,,200
cdd463,127.0.0.1,GET,http://localhost:8090/testPark/web/app_dev.php/?page=18,1477365074,,200
cffe79,127.0.0.1,GET,http://localhost:8090/testPark/web/app_dev.php/?page=18,1477365102,,200
998c69,127.0.0.1,GET,http://localhost:8090/testPark/web/app_dev.php/?page=18,1477365108,,200
153310,127.0.0.1,GET,http://localhost:8090/testPark/web/app_dev.php/?page=18,1477367049,,200
acc021,127.0.0.1,GET,http://localhost:8090/testPark/web/app_dev.php/,1477367067,,200
9d5344,127.0.0.1,GET,http://localhost:8090/testPark/web/app_dev.php/,1477367072,,200
ddd748,127.0.0.1,GET,http://localhost:8090/testPark/web/app_dev.php/,1477367193,,200
fdae3a,127.0.0.1,GET,http://localhost:8090/testPark/web/app_dev.php/,1477367317,,200
da8704,127.0.0.1,GET,http://localhost:8090/testPark/web/app_dev.php/,1477367329,e693df,200
e693df,127.0.0.1,POST,http://localhost:8090/testPark/web/app_dev.php/,1477367329,,500
a88635,127.0.0.1,GET,http://localhost:8090/testPark/web/app_dev.php/,1477367556,,200
329f8f,127.0.0.1,GET,http://localhost:8090/testPark/web/app_dev.php/,1477367562,,200
682fb3,127.0.0.1,GET,http://localhost:8090/testPark/web/app_dev.php/,1477367570,5e200d,200
5e200d,127.0.0.1,POST,http://localhost:8090/testPark/web/app_dev.php/,1477367570,,500
c9aa51,127.0.0.1,GET,http://localhost:8090/testPark/web/app_dev.php/,1477368069,,200
726430,127.0.0.1,GET,http://localhost:8090/testPark/web/app_dev.php/,1477368088,aac3e7,200
aac3e7,127.0.0.1,POST,http://localhost:8090/testPark/web/app_dev.php/,1477368088,,500
e3cd8f,127.0.0.1,GET,http://localhost:8090/testPark/web/app_dev.php/,1477368167,e66fca,200
e66fca,127.0.0.1,GET,http://localhost:8090/testPark/web/app_dev.php/,1477368167,,500
7164d5,127.0.0.1,GET,http://localhost:8090/testPark/web/app_dev.php/,1477368177,,200
35ba1b,127.0.0.1,GET,http://localhost:8090/testPark/web/app_dev.php/,1477368187,,200
cb7218,127.0.0.1,GET,http://localhost:8090/testPark/web/app_dev.php/,1477368193,734cfe,200
734cfe,127.0.0.1,POST,http://localhost:8090/testPark/web/app_dev.php/,1477368193,,500
7a9437,127.0.0.1,GET,http://localhost:8090/testPark/web/app_dev.php/,1477368263,,200
5dc9b1,127.0.0.1,GET,http://localhost:8090/testPark/web/app_dev.php/,1477368270,,200
389d2e,127.0.0.1,GET,http://localhost:8090/testPark/web/app_dev.php/,1477368281,53e8de,200
53e8de,127.0.0.1,POST,http://localhost:8090/testPark/web/app_dev.php/,1477368281,,500
1d4a4c,127.0.0.1,GET,http://localhost:8090/testPark/web/app_dev.php/,1477368310,,200
5cdaca,127.0.0.1,GET,http://localhost:8090/testPark/web/app_dev.php/,1477368314,,200
e4ae97,127.0.0.1,GET,http://localhost:8090/testPark/web/app_dev.php/,1477368482,,200
d2e473,127.0.0.1,GET,http://localhost:8090/testPark/web/app_dev.php/,1477368554,,200
465973,127.0.0.1,POST,http://localhost:8090/testPark/web/app_dev.php/,1477368562,,200
98a47b,127.0.0.1,GET,http://localhost:8090/testPark/web/app_dev.php/?page=3,1477368574,,200
088669,127.0.0.1,GET,http://localhost:8090/testPark/web/app_dev.php/,1477368667,,200
5f2132,127.0.0.1,POST,http://localhost:8090/testPark/web/app_dev.php/,1477368676,,200
384705,127.0.0.1,GET,http://localhost:8090/testPark/web/app_dev.php/,1477369052,,200
b7423d,127.0.0.1,POST,http://localhost:8090/testPark/web/app_dev.php/,1477369058,,200
a9fb8a,127.0.0.1,GET,http://localhost:8090/testPark/web/app_dev.php/?page=2,1477369063,,200
a108dd,127.0.0.1,POST,http://localhost:8090/testPark/web/app_dev.php/,1477369085,,200
d39026,127.0.0.1,POST,http://localhost:8090/testPark/web/app_dev.php/,1477369104,,200
a06fd3,127.0.0.1,POST,http://localhost:8090/testPark/web/app_dev.php/,1477369113,,200
560219,127.0.0.1,GET,http://localhost:8090/testPark/web/app_dev.php/?page=2,1477369644,,200
a2c3cd,127.0.0.1,GET,http://localhost:8090/testPark/web/app_dev.php/?page=2,1477369654,,200
4e3354,127.0.0.1,GET,http://localhost:8090/testPark/web/app_dev.php/?page=2,1477369687,,200
e9c6f5,127.0.0.1,POST,http://localhost:8090/testPark/web/app_dev.php/,1477369693,,200
0080dd,127.0.0.1,GET,http://localhost:8090/testPark/web/app_dev.php/?page=2,1477369750,,200
b4bef8,127.0.0.1,POST,http://localhost:8090/testPark/web/app_dev.php/,1477369756,,200
726926,127.0.0.1,GET,http://localhost:8090/testPark/web/app_dev.php/?page=2,1477369760,,200
fc7a5e,127.0.0.1,GET,http://localhost:8090/testPark/web/app_dev.php/?page=2,1477369795,,200
3c4376,127.0.0.1,POST,http://localhost:8090/testPark/web/app_dev.php/,1477369802,,200
0aeaaf,127.0.0.1,GET,http://localhost:8090/testPark/web/app_dev.php/?page=2,1477369844,,200
d57daf,127.0.0.1,POST,http://localhost:8090/testPark/web/app_dev.php/,1477369852,,200
b55927,127.0.0.1,GET,http://localhost:8090/testPark/web/app_dev.php/?page=2,1477369856,,200
8ab397,127.0.0.1,POST,http://localhost:8090/testPark/web/app_dev.php/,1477369865,,200
4ece56,127.0.0.1,GET,http://localhost:8090/testPark/web/app_dev.php/?page=2,1477369865,,200
282828,127.0.0.1,POST,http://localhost:8090/testPark/web/app_dev.php/,1477369878,,200
8ebdcb,127.0.0.1,GET,http://localhost:8090/testPark/web/app_dev.php/?page=2,1477369919,,200
a00322,127.0.0.1,GET,http://localhost:8090/testPark/web/app_dev.php/?page=2,1477369923,,200
69065a,127.0.0.1,POST,http://localhost:8090/testPark/web/app_dev.php/,1477369928,,200
f9b9e1,127.0.0.1,GET,http://localhost:8090/testPark/web/app_dev.php/?page=2,1477369987,,200
c5bb29,127.0.0.1,GET,http://localhost:8090/testPark/web/app_dev.php/?page=2,1477369992,,200
2d6268,127.0.0.1,GET,http://localhost:8090/testPark/web/app_dev.php/?page=2,1477370021,,200
b21312,127.0.0.1,POST,http://localhost:8090/testPark/web/app_dev.php/,1477370025,,200
297d60,127.0.0.1,GET,http://localhost:8090/testPark/web/app_dev.php/?page=2,1477370058,,200
1734a3,127.0.0.1,POST,http://localhost:8090/testPark/web/app_dev.php/,1477370077,,200
809b2f,127.0.0.1,GET,http://localhost:8090/testPark/web/app_dev.php/?page=2,1477370077,,200
80d6de,127.0.0.1,POST,http://localhost:8090/testPark/web/app_dev.php/,1477370080,,200
3e3007,127.0.0.1,POST,http://localhost:8090/testPark/web/app_dev.php/,1477370083,,200
53c8bd,127.0.0.1,POST,http://localhost:8090/testPark/web/app_dev.php/,1477370087,,200
f86b0b,127.0.0.1,POST,http://localhost:8090/testPark/web/app_dev.php/,1477370089,,200
bcf2d9,127.0.0.1,GET,http://localhost:8090/testPark/web/app_dev.php/?page=2,1477370199,,200
46b94a,127.0.0.1,POST,http://localhost:8090/testPark/web/app_dev.php/,1477370207,,200
127ee7,127.0.0.1,GET,http://localhost:8090/testPark/web/app_dev.php/?page=2,1477370207,,200
ca6021,127.0.0.1,GET,http://localhost:8090/testPark/web/app_dev.php/?page=2,1477370239,,200
21acd4,127.0.0.1,POST,http://localhost:8090/testPark/web/app_dev.php/,1477370242,,200
e93743,127.0.0.1,GET,http://localhost:8090/testPark/web/app_dev.php/?page=2,1477370248,,200
57e2f5,127.0.0.1,POST,http://localhost:8090/testPark/web/app_dev.php/,1477370256,,200
0cdf04,127.0.0.1,GET,http://localhost:8090/testPark/web/app_dev.php/?page=2,1477370344,,200
b0c39d,127.0.0.1,GET,http://localhost:8090/testPark/web/app_dev.php/?page=2,1477370348,,200
7d0ef5,127.0.0.1,POST,http://localhost:8090/testPark/web/app_dev.php/,1477370350,,200
998249,127.0.0.1,POST,http://localhost:8090/testPark/web/app_dev.php/,1477370353,,200
71b567,127.0.0.1,GET,http://localhost:8090/testPark/web/app_dev.php/?page=2,1477370501,,200
b4aa9d,127.0.0.1,GET,http://localhost:8090/testPark/web/app_dev.php/?page=2,1477370534,,200
d60e84,127.0.0.1,GET,http://localhost:8090/testPark/web/app_dev.php/?page=2,1477370551,,200
a40652,127.0.0.1,GET,http://localhost:8090/testPark/web/app_dev.php/?page=2,1477370554,,200
c848f4,127.0.0.1,POST,http://localhost:8090/testPark/web/app_dev.php/,1477370566,,200
a5d429,127.0.0.1,GET,http://localhost:8090/testPark/web/app_dev.php/?page=2,1477370934,,200
1855a0,127.0.0.1,GET,http://localhost:8090/testPark/web/app_dev.php/?page=2,1477370939,,200
1c8bf3,127.0.0.1,GET,http://localhost:8090/testPark/web/app_dev.php/?page=2,1477371009,,200
640c59,127.0.0.1,POST,http://localhost:8090/testPark/web/app_dev.php/,1477371013,,200
8c20c4,127.0.0.1,GET,http://localhost:8090/testPark/web/app_dev.php/,1477371026,ecf393,200
ecf393,127.0.0.1,POST,http://localhost:8090/testPark/web/app_dev.php/,1477371026,,404
a1915b,127.0.0.1,POST,http://localhost:8090/testPark/web/app_dev.php/,1477371050,,200
5ba552,127.0.0.1,POST,http://localhost:8090/testPark/web/app_dev.php/,1477371061,,200
9251e3,127.0.0.1,POST,http://localhost:8090/testPark/web/app_dev.php/,1477371064,,200
d3ddd2,127.0.0.1,GET,http://localhost:8090/testPark/web/app_dev.php/,1477371073,9fe9f9,200
9fe9f9,127.0.0.1,POST,http://localhost:8090/testPark/web/app_dev.php/,1477371073,,404
cd08a0,127.0.0.1,GET,http://localhost:8090/testPark/web/app_dev.php/,1477372115,,200
ebf5f6,127.0.0.1,POST,http://localhost:8090/testPark/web/app_dev.php/,1477372119,,200
f39828,127.0.0.1,POST,http://localhost:8090/testPark/web/app_dev.php/,1477372125,,200
b08b66,127.0.0.1,POST,http://localhost:8090/testPark/web/app_dev.php/,1477372247,,200
88bc0f,127.0.0.1,GET,http://localhost:8090/testPark/web/app_dev.php/,1477372320,,200
8cb7c2,127.0.0.1,GET,http://localhost:8090/testPark/web/app_dev.php/,1477372330,,200
43265b,127.0.0.1,GET,http://localhost:8090/testPark/web/app_dev.php/,1477372359,,200
8a818b,127.0.0.1,GET,http://localhost:8090/testPark/web/app_dev.php/,1477372367,,200
119755,127.0.0.1,POST,http://localhost:8090/testPark/web/app_dev.php/,1477372377,,200
c90c24,127.0.0.1,POST,http://localhost:8090/testPark/web/app_dev.php/,1477372381,,200
4ade36,127.0.0.1,GET,http://localhost:8090/testPark/web/app_dev.php/,1477372605,,200
e07204,127.0.0.1,POST,http://localhost:8090/testPark/web/app_dev.php/,1477372620,,200
f8a0a8,127.0.0.1,GET,http://localhost:8090/testPark/web/app_dev.php/,1477372759,,200
041c1a,127.0.0.1,GET,http://localhost:8090/testPark/web/app_dev.php/,1477372770,,200
e57d47,127.0.0.1,GET,http://localhost:8090/testPark/web/app_dev.php/,1477372784,1aea9a,200
1aea9a,127.0.0.1,POST,http://localhost:8090/testPark/web/app_dev.php/,1477372784,,500
52a7c8,127.0.0.1,GET,http://localhost:8090/testPark/web/app_dev.php/,1477372967,,200
136cbe,127.0.0.1,POST,http://localhost:8090/testPark/web/app_dev.php/,1477372982,,200
814074,127.0.0.1,POST,http://localhost:8090/testPark/web/app_dev.php/,1477372989,,200
d9d4ca,127.0.0.1,GET,http://localhost:8090/testPark/web/app_dev.php/,1477372999,,200
cb8323,127.0.0.1,GET,http://localhost:8090/testPark/web/app_dev.php/,1477399938,,200
137774,127.0.0.1,POST,http://localhost:8090/testPark/web/app_dev.php/,1477399947,,200
fe726e,127.0.0.1,POST,http://localhost:8090/testPark/web/app_dev.php/,1477399957,,200
ab5f18,127.0.0.1,POST,http://localhost:8090/testPark/web/app_dev.php/,1477399961,,200
7471b2,127.0.0.1,POST,http://localhost:8090/testPark/web/app_dev.php/,1477399964,,200
1f63d9,127.0.0.1,GET,http://localhost:8090/testPark/web/app_dev.php/,1477400061,,200
a6f2ea,127.0.0.1,POST,http://localhost:8090/testPark/web/app_dev.php/,1477400066,,200
1b65ec,127.0.0.1,GET,http://localhost:8090/testPark/web/app_dev.php/,1477400079,,200
6be8c9,127.0.0.1,POST,http://localhost:8090/testPark/web/app_dev.php/,1477400085,,200
c5ec35,127.0.0.1,POST,http://localhost:8090/testPark/web/app_dev.php/,1477400087,,200
3ac2ce,127.0.0.1,GET,http://localhost:8090/testPark/web/app_dev.php/,1477400195,,200
261faa,127.0.0.1,GET,http://localhost:8090/testPark/web/app_dev.php/,1477400811,168053,200
168053,127.0.0.1,GET,http://localhost:8090/testPark/web/app_dev.php/,1477400811,,500
c20cd7,127.0.0.1,GET,http://localhost:8090/testPark/web/app_dev.php/,1477400828,,200
864e57,127.0.0.1,GET,http://localhost:8090/testPark/web/app_dev.php/,1477401224,545639,200
545639,127.0.0.1,GET,http://localhost:8090/testPark/web/app_dev.php/,1477401224,,500
a6e91f,127.0.0.1,GET,http://localhost:8090/testPark/web/app_dev.php/,1477401277,,200
2406b4,127.0.0.1,GET,http://localhost:8090/testPark/web/app_dev.php/,1477401280,,200
a6a840,127.0.0.1,GET,http://localhost:8090/testPark/web/app_dev.php/,1477401520,64acd7,200
64acd7,127.0.0.1,GET,http://localhost:8090/testPark/web/app_dev.php/,1477401520,,500
ae1525,127.0.0.1,GET,http://localhost:8090/testPark/web/app_dev.php/,1477401622,4892ef,200
4892ef,127.0.0.1,GET,http://localhost:8090/testPark/web/app_dev.php/,1477401622,,500
8fce71,127.0.0.1,GET,http://localhost:8090/testPark/web/app_dev.php/,1477401628,2c2571,200
2c2571,127.0.0.1,GET,http://localhost:8090/testPark/web/app_dev.php/,1477401628,,500
fbf26b,127.0.0.1,GET,http://localhost:8090/testPark/web/app_dev.php/,1477401630,f4a0eb,200
f4a0eb,127.0.0.1,GET,http://localhost:8090/testPark/web/app_dev.php/,1477401630,,500
9edfac,127.0.0.1,GET,http://localhost:8090/testPark/web/app_dev.php/,1477401846,3d52ba,200
3d52ba,127.0.0.1,GET,http://localhost:8090/testPark/web/app_dev.php/,1477401846,,500
990147,127.0.0.1,GET,http://localhost:8090/testPark/web/app_dev.php/,1477401926,a7ae40,200
a7ae40,127.0.0.1,GET,http://localhost:8090/testPark/web/app_dev.php/,1477401926,,500
c5953b,127.0.0.1,GET,http://localhost:8090/testPark/web/app_dev.php/,1477401931,241cf5,200
241cf5,127.0.0.1,GET,http://localhost:8090/testPark/web/app_dev.php/,1477401931,,500
8d5241,127.0.0.1,GET,http://localhost:8090/testPark/web/app_dev.php/,1477401975,,200
7fcaaa,127.0.0.1,GET,http://localhost:8090/testPark/web/app_dev.php/,1477402177,6cc1be,200
6cc1be,127.0.0.1,GET,http://localhost:8090/testPark/web/app_dev.php/,1477402177,,500
4719a4,127.0.0.1,GET,http://localhost:8090/testPark/web/app_dev.php/,1477402188,04c46b,200
04c46b,127.0.0.1,GET,http://localhost:8090/testPark/web/app_dev.php/,1477402188,,500
cc9317,127.0.0.1,GET,http://localhost:8090/testPark/web/app_dev.php/,1477402206,,200
449d49,127.0.0.1,GET,http://localhost:8090/testPark/web/app_dev.php/,1477402209,,200
22ca37,127.0.0.1,GET,http://localhost:8090/testPark/web/app_dev.php/,1477403669,7a7934,200
7a7934,127.0.0.1,GET,http://localhost:8090/testPark/web/app_dev.php/,1477403670,,500
ef5347,127.0.0.1,GET,http://localhost:8090/testPark/web/app_dev.php/,1477403784,705db8,200
705db8,127.0.0.1,GET,http://localhost:8090/testPark/web/app_dev.php/,1477403784,,500
43d9d5,127.0.0.1,GET,http://localhost:8090/testPark/web/app_dev.php/,1477403788,e5bead,200
e5bead,127.0.0.1,GET,http://localhost:8090/testPark/web/app_dev.php/,1477403788,,500
2111ff,127.0.0.1,GET,http://localhost:8090/testPark/web/app_dev.php/,1477403936,c6d9d4,200
c6d9d4,127.0.0.1,GET,http://localhost:8090/testPark/web/app_dev.php/,1477403936,,500
aa62fd,127.0.0.1,GET,http://localhost:8090/testPark/web/app_dev.php/,1477403947,bc00fd,200
bc00fd,127.0.0.1,GET,http://localhost:8090/testPark/web/app_dev.php/,1477403947,,500
f7d199,127.0.0.1,GET,http://localhost:8090/testPark/web/app_dev.php/,1477403950,9f3c10,200
9f3c10,127.0.0.1,GET,http://localhost:8090/testPark/web/app_dev.php/,1477403950,,500
551e3c,127.0.0.1,GET,http://localhost:8090/testPark/web/app_dev.php/,1477403984,ecd5ce,200
ecd5ce,127.0.0.1,GET,http://localhost:8090/testPark/web/app_dev.php/,1477403984,,500
3a3c9b,127.0.0.1,GET,http://localhost:8090/testPark/web/app_dev.php/,1477404497,,200
265dad,127.0.0.1,GET,http://localhost:8090/testPark/web/app_dev.php/,1477404737,32322a,200
32322a,127.0.0.1,GET,http://localhost:8090/testPark/web/app_dev.php/,1477404737,,500
925989,127.0.0.1,GET,http://localhost:8090/testPark/web/app_dev.php/,1477404785,,200
47fd93,127.0.0.1,GET,http://localhost:8090/testPark/web/app_dev.php/,1477405706,,200
028e3e,127.0.0.1,POST,http://localhost:8090/testPark/web/app_dev.php/,1477405718,,200
c14cac,127.0.0.1,POST,http://localhost:8090/testPark/web/app_dev.php/,1477405719,,200
51e87a,127.0.0.1,POST,http://localhost:8090/testPark/web/app_dev.php/,1477405721,,200
6df670,127.0.0.1,POST,http://localhost:8090/testPark/web/app_dev.php/,1477405723,,200
ca8456,127.0.0.1,POST,http://localhost:8090/testPark/web/app_dev.php/,1477405735,,200
89bad2,127.0.0.1,POST,http://localhost:8090/testPark/web/app_dev.php/,1477405735,,200
067268,127.0.0.1,GET,http://localhost:8090/testPark/web/app_dev.php/,1477405913,,200
245584,127.0.0.1,GET,http://localhost:8090/testPark/web/app_dev.php/,1477405915,,200
251795,127.0.0.1,POST,http://localhost:8090/testPark/web/app_dev.php/,1477405925,,200
66e217,127.0.0.1,POST,http://localhost:8090/testPark/web/app_dev.php/,1477405925,,200
63697e,127.0.0.1,POST,http://localhost:8090/testPark/web/app_dev.php/,1477405927,,200
5a925f,127.0.0.1,POST,http://localhost:8090/testPark/web/app_dev.php/,1477405935,,200
6e15a8,127.0.0.1,POST,http://localhost:8090/testPark/web/app_dev.php/,1477405937,,200
dfc5d4,127.0.0.1,POST,http://localhost:8090/testPark/web/app_dev.php/,1477405939,,200
d8fafd,127.0.0.1,POST,http://localhost:8090/testPark/web/app_dev.php/,1477405943,,200
442729,127.0.0.1,POST,http://localhost:8090/testPark/web/app_dev.php/,1477405954,,200
c25d0b,127.0.0.1,POST,http://localhost:8090/testPark/web/app_dev.php/,1477405958,,200
b9c66f,127.0.0.1,POST,http://localhost:8090/testPark/web/app_dev.php/,1477405964,,200
dc4cf0,127.0.0.1,POST,http://localhost:8090/testPark/web/app_dev.php/,1477405968,,200
27be1f,127.0.0.1,POST,http://localhost:8090/testPark/web/app_dev.php/,1477405989,,200
2b5fca,127.0.0.1,POST,http://localhost:8090/testPark/web/app_dev.php/,1477405993,,200
7bfc1a,127.0.0.1,POST,http://localhost:8090/testPark/web/app_dev.php/,1477405996,,200
b23b70,127.0.0.1,POST,http://localhost:8090/testPark/web/app_dev.php/,1477406029,,200
dd26b2,127.0.0.1,GET,http://localhost:8090/testPark/web/app_dev.php/,1477406132,,200
35c1a3,127.0.0.1,POST,http://localhost:8090/testPark/web/app_dev.php/,1477406139,,200
d2925c,127.0.0.1,POST,http://localhost:8090/testPark/web/app_dev.php/,1477406149,,200
0cf539,127.0.0.1,POST,http://localhost:8090/testPark/web/app_dev.php/,1477406160,,200
49abdd,127.0.0.1,POST,http://localhost:8090/testPark/web/app_dev.php/,1477406167,,200
d2e23a,127.0.0.1,GET,http://localhost:8090/testPark/web/app_dev.php/,1477406315,,200
ef4fd7,127.0.0.1,GET,http://localhost:8090/testPark/web/app_dev.php/,1477406320,,200
910c50,127.0.0.1,GET,http://localhost:8090/testPark/web/app_dev.php/,1477406328,9ace68,200
9ace68,127.0.0.1,POST,http://localhost:8090/testPark/web/app_dev.php/,1477406328,,500
2d8a06,127.0.0.1,GET,http://localhost:8090/testPark/web/app_dev.php/,1477406582,,200
ddcfce,127.0.0.1,GET,http://localhost:8090/testPark/web/app_dev.php/,1477406586,,200
b9ccf2,127.0.0.1,GET,http://localhost:8090/testPark/web/app_dev.php/,1477406595,ae3e1a,200
ae3e1a,127.0.0.1,POST,http://localhost:8090/testPark/web/app_dev.php/,1477406595,,500
9b291e,127.0.0.1,GET,http://localhost:8090/testPark/web/app_dev.php/,1477407326,,200
1826a5,127.0.0.1,GET,http://localhost:8090/testPark/web/app_dev.php/,1477407330,,200
42028f,127.0.0.1,GET,http://localhost:8090/testPark/web/app_dev.php/,1477407336,5fb137,200
5fb137,127.0.0.1,POST,http://localhost:8090/testPark/web/app_dev.php/,1477407336,,500
9c9177,127.0.0.1,GET,http://localhost:8090/testPark/web/app_dev.php/,1477407377,,200
e47675,127.0.0.1,GET,http://localhost:8090/testPark/web/app_dev.php/,1477407387,30a739,200
30a739,127.0.0.1,POST,http://localhost:8090/testPark/web/app_dev.php/,1477407387,,500
3b8121,127.0.0.1,GET,http://localhost:8090/testPark/web/app_dev.php/,1477407583,,200
919f78,127.0.0.1,GET,http://localhost:8090/testPark/web/app_dev.php/,1477407587,b7a663,200
b7a663,127.0.0.1,POST,http://localhost:8090/testPark/web/app_dev.php/,1477407587,,500
35f3be,127.0.0.1,GET,http://localhost:8090/testPark/web/app_dev.php/,1477407716,de3e9f,200
de3e9f,127.0.0.1,GET,http://localhost:8090/testPark/web/app_dev.php/,1477407719,,500
501021,127.0.0.1,GET,http://localhost:8090/testPark/web/app_dev.php/,1477407790,,200
5f60cb,127.0.0.1,POST,http://localhost:8090/testPark/web/app_dev.php/,1477407799,,200
21aaf1,127.0.0.1,POST,http://localhost:8090/testPark/web/app_dev.php/,1477407803,,200
f664c5,127.0.0.1,GET,http://localhost:8090/testPark/web/app_dev.php/,1477407808,6cd620,200
6cd620,127.0.0.1,POST,http://localhost:8090/testPark/web/app_dev.php/,1477407808,,404
62faa3,127.0.0.1,GET,http://localhost:8090/testPark/web/app_dev.php/,1477407890,,200
2a99f6,127.0.0.1,POST,http://localhost:8090/testPark/web/app_dev.php/,1477407915,,200
e9efa3,127.0.0.1,POST,http://localhost:8090/testPark/web/app_dev.php/,1477407929,,200
f9d474,127.0.0.1,POST,http://localhost:8090/testPark/web/app_dev.php/,1477407933,,200
9d942d,127.0.0.1,POST,http://localhost:8090/testPark/web/app_dev.php/,1477407947,,200
98a556,127.0.0.1,POST,http://localhost:8090/testPark/web/app_dev.php/,1477407957,,200
b0e80a,127.0.0.1,POST,http://localhost:8090/testPark/web/app_dev.php/,1477407972,,200
164612,127.0.0.1,GET,http://localhost:8090/testPark/web/app_dev.php/,1477408473,,200
aa6861,127.0.0.1,GET,http://localhost:8090/testPark/web/app_dev.php/,1477408580,,200
dd945e,127.0.0.1,GET,http://localhost:8090/testPark/web/app_dev.php/,1477408586,554035,200
554035,127.0.0.1,POST,http://localhost:8090/testPark/web/app_dev.php/,1477408586,,500
28fbe8,127.0.0.1,GET,http://localhost:8090/testPark/web/app_dev.php/,1477408631,,200
c9416e,127.0.0.1,POST,http://localhost:8090/testPark/web/app_dev.php/,1477408635,,200
ef912a,127.0.0.1,GET,http://localhost:8090/testPark/web/app_dev.php/,1477408831,,200
ef190e,127.0.0.1,POST,http://localhost:8090/testPark/web/app_dev.php/,1477408846,,200
134d34,127.0.0.1,POST,http://localhost:8090/testPark/web/app_dev.php/,1477408851,,200
5ebd27,127.0.0.1,GET,http://localhost:8090/testPark/web/app_dev.php/,1477409083,,200
bc3165,127.0.0.1,POST,http://localhost:8090/testPark/web/app_dev.php/,1477409093,,200
e05623,127.0.0.1,GET,http://localhost:8090/testPark/web/app_dev.php/,1477409564,,200
e6046e,127.0.0.1,POST,http://localhost:8090/testPark/web/app_dev.php/,1477409568,,200
4b87c5,127.0.0.1,POST,http://localhost:8090/testPark/web/app_dev.php/,1477409572,,200
547a6d,127.0.0.1,POST,http://localhost:8090/testPark/web/app_dev.php/,1477409575,,200
54286b,127.0.0.1,POST,http://localhost:8090/testPark/web/app_dev.php/,1477409582,,200
af8190,127.0.0.1,GET,http://localhost:8090/testPark/web/app_dev.php/,1477409878,,200
930f28,127.0.0.1,POST,http://localhost:8090/testPark/web/app_dev.php/,1477409881,,200
9258e8,127.0.0.1,POST,http://localhost:8090/testPark/web/app_dev.php/,1477409888,,200
74393a,127.0.0.1,POST,http://localhost:8090/testPark/web/app_dev.php/,1477409890,,200
c539ab,127.0.0.1,POST,http://localhost:8090/testPark/web/app_dev.php/,1477409905,,200
826b05,127.0.0.1,POST,http://localhost:8090/testPark/web/app_dev.php/,1477409905,,200
1fad1d,127.0.0.1,POST,http://localhost:8090/testPark/web/app_dev.php/,1477409906,,200
73fa1d,127.0.0.1,POST,http://localhost:8090/testPark/web/app_dev.php/,1477409909,,200
44d1b1,127.0.0.1,POST,http://localhost:8090/testPark/web/app_dev.php/,1477409915,,200
8621e2,127.0.0.1,POST,http://localhost:8090/testPark/web/app_dev.php/,1477409916,,200
5f2c58,127.0.0.1,GET,http://localhost:8090/testPark/web/app_dev.php/,1477410235,,200
dbed25,127.0.0.1,GET,http://localhost:8090/testPark/web/app_dev.php/,1477411427,,200
1f1fee,127.0.0.1,GET,http://localhost:8090/testPark/web/app_dev.php/,1477411432,,200
a50604,127.0.0.1,POST,http://localhost:8090/testPark/web/app_dev.php/,1477411436,,200
89175c,127.0.0.1,POST,http://localhost:8090/testPark/web/app_dev.php/,1477411452,,200
fdabcd,127.0.0.1,GET,http://localhost:8090/testPark/web/app_dev.php/,1477411734,aadd2a,200
aadd2a,127.0.0.1,GET,http://localhost:8090/testPark/web/app_dev.php/,1477411734,,500
eb36e2,127.0.0.1,GET,http://localhost:8090/testPark/web/app_dev.php/,1477411762,3f6746,200
3f6746,127.0.0.1,GET,http://localhost:8090/testPark/web/app_dev.php/,1477411762,,500
23b899,127.0.0.1,GET,http://localhost:8090/testPark/web/app_dev.php/,1477411781,,200
850c6f,127.0.0.1,POST,http://localhost:8090/testPark/web/app_dev.php/,1477411791,,200
7c4c01,127.0.0.1,GET,http://localhost:8090/testPark/web/app_dev.php/,1477411836,,200
ac2184,127.0.0.1,POST,http://localhost:8090/testPark/web/app_dev.php/,1477411842,,200
889369,127.0.0.1,GET,http://localhost:8090/testPark/web/app_dev.php/,1477411934,,200
b9f38b,127.0.0.1,GET,http://localhost:8090/testPark/web/app_dev.php/,1477411947,,200
4330bc,127.0.0.1,POST,http://localhost:8090/testPark/web/app_dev.php/,1477412050,,200
8bf196,127.0.0.1,GET,http://localhost:8090/testPark/web/app_dev.php/,1477412165,,200
9d62d6,127.0.0.1,GET,http://localhost:8090/testPark/web/app_dev.php/,1477412168,,200
7119aa,127.0.0.1,POST,http://localhost:8090/testPark/web/app_dev.php/,1477412172,,200
be7e9a,127.0.0.1,GET,http://localhost:8090/testPark/web/app_dev.php/,1477412184,,200
17b871,127.0.0.1,POST,http://localhost:8090/testPark/web/app_dev.php/,1477412194,,200
539981,127.0.0.1,GET,http://localhost:8090/testPark/web/app_dev.php/,1477412247,,200
4a1736,127.0.0.1,GET,http://localhost:8090/testPark/web/app_dev.php/,1477412263,efe002,200
efe002,127.0.0.1,GET,http://localhost:8090/testPark/web/app_dev.php/,1477412263,,500
7f96a9,127.0.0.1,GET,http://localhost:8090/testPark/web/app_dev.php/,1477412299,838f3c,200
838f3c,127.0.0.1,GET,http://localhost:8090/testPark/web/app_dev.php/,1477412299,,500
f82f1a,127.0.0.1,GET,http://localhost:8090/testPark/web/app_dev.php/,1477412308,,200
d01d17,127.0.0.1,POST,http://localhost:8090/testPark/web/app_dev.php/,1477412329,,200
bed7ce,127.0.0.1,GET,http://localhost:8090/testPark/web/app_dev.php/,1477412441,,200
fad211,127.0.0.1,GET,http://localhost:8090/testPark/web/app_dev.php/,1477412453,,200
05e27f,127.0.0.1,GET,http://localhost:8090/testPark/web/app_dev.php/,1477412492,dfb152,200
dfb152,127.0.0.1,POST,http://localhost:8090/testPark/web/app_dev.php/,1477412492,,500
8a6c2f,127.0.0.1,GET,http://localhost:8090/testPark/web/app_dev.php/,1477412531,60a12f,200
60a12f,127.0.0.1,GET,http://localhost:8090/testPark/web/app_dev.php/,1477412531,,500
a273dd,127.0.0.1,GET,http://localhost:8090/testPark/web/app_dev.php/,1477412549,,200
499fd5,127.0.0.1,POST,http://localhost:8090/testPark/web/app_dev.php/,1477412560,,200
f47f46,127.0.0.1,GET,http://localhost:8090/testPark/web/app_dev.php/,1477412700,,200
746d45,127.0.0.1,POST,http://localhost:8090/testPark/web/app_dev.php/,1477412704,,200
202c28,127.0.0.1,GET,http://localhost:8090/testPark/web/app_dev.php/,1477413212,,200
368de8,127.0.0.1,POST,http://localhost:8090/testPark/web/app_dev.php/,1477413228,,200
227f11,127.0.0.1,POST,http://localhost:8090/testPark/web/app_dev.php/,1477413236,,200
ec5570,127.0.0.1,GET,http://localhost:8090/testPark/web/app_dev.php/,1477413359,,200
a48aab,127.0.0.1,POST,http://localhost:8090/testPark/web/app_dev.php/,1477413369,,200
0d28a9,127.0.0.1,POST,http://localhost:8090/testPark/web/app_dev.php/,1477413369,,200
cb3594,127.0.0.1,POST,http://localhost:8090/testPark/web/app_dev.php/,1477413380,,200
781dfb,127.0.0.1,POST,http://localhost:8090/testPark/web/app_dev.php/,1477413388,,200
80a5bd,127.0.0.1,POST,http://localhost:8090/testPark/web/app_dev.php/,1477413409,,200
9ad7c7,127.0.0.1,GET,http://localhost:8090/testPark/web/app_dev.php/,1477413490,,200
274edc,127.0.0.1,POST,http://localhost:8090/testPark/web/app_dev.php/,1477413496,,200
45c6a4,127.0.0.1,POST,http://localhost:8090/testPark/web/app_dev.php/,1477413503,,200
ff8871,127.0.0.1,GET,http://localhost:8090/testPark/web/app_dev.php/,1477413816,,200
088144,127.0.0.1,GET,http://localhost:8090/testPark/web/app_dev.php/,1477413825,,200
3b6c0a,127.0.0.1,POST,http://localhost:8090/testPark/web/app_dev.php/,1477413828,,200
1823ed,127.0.0.1,GET,http://localhost:8090/testPark/web/app_dev.php/,1477413842,,200
56402a,127.0.0.1,POST,http://localhost:8090/testPark/web/app_dev.php/,1477413845,,200
3ade4c,127.0.0.1,GET,http://localhost:8090/testPark/web/app_dev.php/,1477413924,,200
890b67,127.0.0.1,POST,http://localhost:8090/testPark/web/app_dev.php/,1477413938,,200
b945fa,127.0.0.1,GET,http://localhost:8090/testPark/web/app_dev.php/,1477413996,,200
fe3e13,127.0.0.1,POST,http://localhost:8090/testPark/web/app_dev.php/,1477414007,,200
cd2137,127.0.0.1,GET,http://localhost:8090/testPark/web/app_dev.php/,1477414085,,200
95ec43,127.0.0.1,GET,http://localhost:8090/testPark/web/app_dev.php/,1477414088,,200
44a068,127.0.0.1,GET,http://localhost:8090/testPark/web/app_dev.php/,1477414112,,200
32cbcb,127.0.0.1,GET,http://localhost:8090/testPark/web/app_dev.php/,1477414116,,200
cb2eaf,127.0.0.1,GET,http://localhost:8090/testPark/web/app_dev.php/,1477414144,,200
6a1e2b,127.0.0.1,POST,http://localhost:8090/testPark/web/app_dev.php/,1477414156,,200
9cd25f,127.0.0.1,GET,http://localhost:8090/testPark/web/app_dev.php/,1477414163,c81376,200
c81376,127.0.0.1,POST,http://localhost:8090/testPark/web/app_dev.php/,1477414163,,500
af2f8f,127.0.0.1,GET,http://localhost:8090/testPark/web/app_dev.php/,1477414203,,200
a54b7d,127.0.0.1,GET,http://localhost:8090/testPark/web/app_dev.php/,1477414207,,200
476774,127.0.0.1,GET,http://localhost:8090/testPark/web/app_dev.php/,1477414220,,200
2373b0,127.0.0.1,GET,http://localhost:8090/testPark/web/app_dev.php/,1477414246,,200
95a6b5,127.0.0.1,GET,http://localhost:8090/testPark/web/app_dev.php/,1477414264,,200
b0d29d,127.0.0.1,POST,http://localhost:8090/testPark/web/app_dev.php/,1477414274,,200
1af72b,127.0.0.1,GET,http://localhost:8090/testPark/web/app_dev.php/,1477414293,,200
56e2dd,127.0.0.1,GET,http://localhost:8090/testPark/web/app_dev.php/,1477414320,,200
c7528b,127.0.0.1,POST,http://localhost:8090/testPark/web/app_dev.php/,1477414333,,200
3af097,127.0.0.1,GET,http://localhost:8090/testPark/web/app_dev.php/,1477414371,,200
fc3fe1,127.0.0.1,POST,http://localhost:8090/testPark/web/app_dev.php/,1477414393,,200
41ec46,127.0.0.1,POST,http://localhost:8090/testPark/web/app_dev.php/,1477414401,,200
06734d,127.0.0.1,GET,http://localhost:8090/testPark/web/app_dev.php/,1477414769,,200
5a6922,127.0.0.1,POST,http://localhost:8090/testPark/web/app_dev.php/,1477414792,,200
fa48df,127.0.0.1,POST,http://localhost:8090/testPark/web/app_dev.php/,1477414802,,200
c3af3e,127.0.0.1,POST,http://localhost:8090/testPark/web/app_dev.php/,1477414811,,200
d70998,127.0.0.1,POST,http://localhost:8090/testPark/web/app_dev.php/,1477414816,,200
bd3212,127.0.0.1,POST,http://localhost:8090/testPark/web/app_dev.php/,1477414822,,200
44da5c,127.0.0.1,GET,http://localhost:8090/testPark/web/app_dev.php/,1477415572,,200
90bc09,127.0.0.1,GET,http://localhost:8090/testPark/web/app_dev.php/,1477415582,,200
13bf7f,127.0.0.1,GET,http://localhost:8090/testPark/web/app_dev.php/,1477415588,,200
a76039,127.0.0.1,POST,http://localhost:8090/testPark/web/app_dev.php/,1477415593,,200
674a1b,127.0.0.1,POST,http://localhost:8090/testPark/web/app_dev.php/,1477415603,,200
b6f05c,127.0.0.1,GET,http://localhost:8090/testPark/web/app_dev.php/,1477415652,,200
cad337,127.0.0.1,POST,http://localhost:8090/testPark/web/app_dev.php/,1477415657,,200
6691dd,127.0.0.1,POST,http://localhost:8090/testPark/web/app_dev.php/,1477415666,,200
8a921a,127.0.0.1,GET,http://localhost:8090/testPark/web/app_dev.php/,1477415709,,200
925262,127.0.0.1,GET,http://localhost:8090/testPark/web/app_dev.php/,1477415715,310534,200
310534,127.0.0.1,POST,http://localhost:8090/testPark/web/app_dev.php/,1477415715,,500
269a3a,127.0.0.1,GET,http://localhost:8090/testPark/web/app_dev.php/,1477415780,,200
6d7037,127.0.0.1,GET,http://localhost:8090/testPark/web/app_dev.php/,1477415784,d3056c,200
d3056c,127.0.0.1,POST,http://localhost:8090/testPark/web/app_dev.php/,1477415784,,500
e35bc5,127.0.0.1,GET,http://localhost:8090/testPark/web/app_dev.php/,1477415796,,200
5a8daf,127.0.0.1,GET,http://localhost:8090/testPark/web/app_dev.php/,1477415826,,200
0f9588,127.0.0.1,GET,http://localhost:8090/testPark/web/app_dev.php/,1477415843,,200
b503d5,127.0.0.1,GET,http://localhost:8090/testPark/web/app_dev.php/,1477416006,,200
2c0f03,127.0.0.1,GET,http://localhost:8090/testPark/web/app_dev.php/,1477416017,,200
fd487a,127.0.0.1,POST,http://localhost:8090/testPark/web/app_dev.php/,1477416024,,200
d8fdc0,127.0.0.1,POST,http://localhost:8090/testPark/web/app_dev.php/,1477416033,,200
af97c3,127.0.0.1,POST,http://localhost:8090/testPark/web/app_dev.php/,1477416061,,200
12cc01,127.0.0.1,GET,http://localhost:8090/testPark/web/app_dev.php/,1477416255,,200
ac4c6f,127.0.0.1,POST,http://localhost:8090/testPark/web/app_dev.php/,1477416262,,200
72d3dc,127.0.0.1,POST,http://localhost:8090/testPark/web/app_dev.php/,1477416270,,200
0795e7,127.0.0.1,GET,http://localhost:8090/testPark/web/app_dev.php/,1477416330,,200
ec414c,127.0.0.1,GET,http://localhost:8090/testPark/web/app_dev.php/,1477416344,,200
32be40,127.0.0.1,GET,http://localhost:8090/testPark/web/app_dev.php/,1477416349,,200
6e1003,127.0.0.1,POST,http://localhost:8090/testPark/web/app_dev.php/,1477416353,,200
9cc5bc,127.0.0.1,POST,http://localhost:8090/testPark/web/app_dev.php/,1477416355,,200
62551c,127.0.0.1,GET,http://localhost:8090/testPark/web/app_dev.php/,1477416416,,200
7c0956,127.0.0.1,GET,http://localhost:8090/testPark/web/app_dev.php/,1477416420,,200
d6536a,127.0.0.1,POST,http://localhost:8090/testPark/web/app_dev.php/,1477416424,,200
97bd82,127.0.0.1,POST,http://localhost:8090/testPark/web/app_dev.php/,1477416426,,200
0dd674,127.0.0.1,GET,http://localhost:8090/testPark/web/app_dev.php/,1477416451,,200
350df7,127.0.0.1,GET,http://localhost:8090/testPark/web/app_dev.php/,1477416460,,200
0e7c09,127.0.0.1,POST,http://localhost:8090/testPark/web/app_dev.php/,1477416463,,200
bd00da,127.0.0.1,POST,http://localhost:8090/testPark/web/app_dev.php/,1477416465,,200
bd08d7,127.0.0.1,GET,http://localhost:8090/testPark/web/app_dev.php/,1477416522,,200
82b56f,127.0.0.1,POST,http://localhost:8090/testPark/web/app_dev.php/,1477416534,,200
c125d9,127.0.0.1,GET,http://localhost:8090/testPark/web/app_dev.php/,1477416575,,200
bf13c4,127.0.0.1,POST,http://localhost:8090/testPark/web/app_dev.php/,1477416580,,200
b12748,127.0.0.1,GET,http://localhost:8090/testPark/web/app_dev.php/,1477416584,e5207b,200
e5207b,127.0.0.1,POST,http://localhost:8090/testPark/web/app_dev.php/,1477416584,,500
412dca,127.0.0.1,GET,http://localhost:8090/testPark/web/app_dev.php/,1477416645,,200
ede40f,127.0.0.1,GET,http://localhost:8090/testPark/web/app_dev.php/,1477416654,,200
93d1b8,127.0.0.1,POST,http://localhost:8090/testPark/web/app_dev.php/,1477416665,,200
1423c1,127.0.0.1,GET,http://localhost:8090/testPark/web/app_dev.php/,1477416669,e25924,200
e25924,127.0.0.1,POST,http://localhost:8090/testPark/web/app_dev.php/,1477416669,,500
0c2bc3,127.0.0.1,GET,http://localhost:8090/testPark/web/app_dev.php/,1477416863,,200
ad618a,127.0.0.1,POST,http://localhost:8090/testPark/web/app_dev.php/,1477416870,,200
9bf610,127.0.0.1,GET,http://localhost:8090/testPark/web/app_dev.php/,1477416876,,200
77fc51,127.0.0.1,POST,http://localhost:8090/testPark/web/app_dev.php/,1477416879,,200
e4a487,127.0.0.1,POST,http://localhost:8090/testPark/web/app_dev.php/,1477416885,,200
a7b915,127.0.0.1,GET,http://localhost:8090/testPark/web/app_dev.php/,1477416893,1164cb,200
1164cb,127.0.0.1,POST,http://localhost:8090/testPark/web/app_dev.php/,1477416893,,404
9a5c07,127.0.0.1,GET,http://localhost:8090/testPark/web/app_dev.php/,1477416912,c5a458,200
c5a458,127.0.0.1,POST,http://localhost:8090/testPark/web/app_dev.php/,1477416912,,404
9fd866,127.0.0.1,GET,http://localhost:8090/testPark/web/app_dev.php/,1477416932,,200
ce602b,127.0.0.1,POST,http://localhost:8090/testPark/web/app_dev.php/,1477416941,,200
60ca3d,127.0.0.1,POST,http://localhost:8090/testPark/web/app_dev.php/,1477416949,,200
fb8376,127.0.0.1,POST,http://localhost:8090/testPark/web/app_dev.php/,1477416958,,200
7763b5,127.0.0.1,POST,http://localhost:8090/testPark/web/app_dev.php/,1477416961,,200
837b42,127.0.0.1,GET,http://localhost:8090/testPark/web/app_dev.php/,1477416973,711e81,200
711e81,127.0.0.1,POST,http://localhost:8090/testPark/web/app_dev.php/,1477416973,,404
60ff03,127.0.0.1,POST,http://localhost:8090/testPark/web/app_dev.php/,1477416976,,200
c078a7,127.0.0.1,GET,http://localhost:8090/testPark/web/app_dev.php/,1477416979,129c5b,200
129c5b,127.0.0.1,POST,http://localhost:8090/testPark/web/app_dev.php/,1477416979,,404
87c756,127.0.0.1,POST,http://localhost:8090/testPark/web/app_dev.php/,1477416991,,200
c9301d,127.0.0.1,POST,http://localhost:8090/testPark/web/app_dev.php/,1477417003,,200
338ca9,127.0.0.1,POST,http://localhost:8090/testPark/web/app_dev.php/,1477417007,,200
1574e1,127.0.0.1,POST,http://localhost:8090/testPark/web/app_dev.php/,1477417013,,200
ee2ae1,127.0.0.1,POST,http://localhost:8090/testPark/web/app_dev.php/,1477417016,,200
9a1e68,127.0.0.1,POST,http://localhost:8090/testPark/web/app_dev.php/,1477417281,,200
515519,127.0.0.1,GET,http://localhost:8090/testPark/web/app_dev.php/,1477417394,,200
7dbd3f,127.0.0.1,POST,http://localhost:8090/testPark/web/app_dev.php/,1477417401,,200
8eb7b8,127.0.0.1,POST,http://localhost:8090/testPark/web/app_dev.php/,1477417408,,200
7b3af5,127.0.0.1,POST,http://localhost:8090/testPark/web/app_dev.php/,1477417419,,200
df55fa,127.0.0.1,POST,http://localhost:8090/testPark/web/app_dev.php/,1477417424,,200
053a81,127.0.0.1,GET,http://localhost:8090/testPark/web/app_dev.php/,1477417736,,200
d70736,127.0.0.1,GET,http://localhost:8090/testPark/web/app_dev.php/,1477417741,,200
fba5b3,127.0.0.1,GET,http://localhost:8090/testPark/web/app_dev.php/,1477417955,,200
807394,127.0.0.1,POST,http://localhost:8090/testPark/web/app_dev.php/,1477417962,,200
e29661,127.0.0.1,POST,http://localhost:8090/testPark/web/app_dev.php/,1477417964,,200
8b52c5,127.0.0.1,POST,http://localhost:8090/testPark/web/app_dev.php/,1477417960,,200
a832d6,127.0.0.1,GET,http://localhost:8090/testPark/web/app_dev.php/,1477418070,,200
2082d2,127.0.0.1,POST,http://localhost:8090/testPark/web/app_dev.php/,1477418381,,200
ea16bb,127.0.0.1,GET,http://localhost:8090/testPark/web/app_dev.php/,1477419043,,200
23299b,127.0.0.1,GET,http://localhost:8090/testPark/web/app_dev.php/,1477419077,,200
fa01e4,127.0.0.1,GET,http://localhost:8090/testPark/web/app_dev.php/,1477419132,,200
590f20,127.0.0.1,GET,http://localhost:8090/testPark/web/app_dev.php/,1477419139,,200
29b40e,127.0.0.1,GET,http://localhost:8090/testPark/web/app_dev.php/,1477419176,,200
6143f4,127.0.0.1,GET,http://localhost:8090/testPark/web/app_dev.php/,1477419179,,200
2e0d2d,127.0.0.1,POST,http://localhost:8090/testPark/web/app_dev.php/,1477419182,,200
731026,127.0.0.1,POST,http://localhost:8090/testPark/web/app_dev.php/,1477419191,,200
710df1,127.0.0.1,GET,http://localhost:8090/testPark/web/app_dev.php/,1477420445,,200
c1328c,127.0.0.1,GET,http://localhost:8090/testPark/web/app_dev.php/,1477420456,,200
114a9d,127.0.0.1,GET,http://localhost:8090/testPark/web/app_dev.php/,1477422797,247265,200
247265,127.0.0.1,GET,http://localhost:8090/testPark/web/app_dev.php/,1477422797,,500
2c1003,127.0.0.1,GET,http://localhost:8090/testPark/web/app_dev.php/,1477422849,,200
0e89e3,127.0.0.1,GET,http://localhost:8090/testPark/web/app_dev.php/,1477422860,77014e,200
77014e,127.0.0.1,POST,http://localhost:8090/testPark/web/app_dev.php/,1477422860,,500
545990,127.0.0.1,GET,http://localhost:8090/testPark/web/app_dev.php/,1477422970,,200
ddcb5b,127.0.0.1,GET,http://localhost:8090/testPark/web/app_dev.php/,1477422972,861b36,200
861b36,127.0.0.1,POST,http://localhost:8090/testPark/web/app_dev.php/,1477422972,,500
a26fa6,127.0.0.1,GET,http://localhost:8090/testPark/web/app_dev.php/,1477422986,,200
593e66,127.0.0.1,GET,http://localhost:8090/testPark/web/app_dev.php/,1477423026,,200
f89a68,127.0.0.1,GET,http://localhost:8090/testPark/web/app_dev.php/,1477423031,a69952,200
a69952,127.0.0.1,POST,http://localhost:8090/testPark/web/app_dev.php/,1477423031,,500
2fd18f,127.0.0.1,GET,http://localhost:8090/testPark/web/app_dev.php/,1477423154,,200
15bd05,127.0.0.1,GET,http://localhost:8090/testPark/web/app_dev.php/,1477423203,,200
204c6b,127.0.0.1,GET,http://localhost:8090/testPark/web/app_dev.php/,1477423229,,200
6e9107,127.0.0.1,GET,http://localhost:8090/testPark/web/app_dev.php/,1477423467,,200
be7a3c,127.0.0.1,GET,http://localhost:8090/testPark/web/app_dev.php/,1477423471,07c02d,200
07c02d,127.0.0.1,POST,http://localhost:8090/testPark/web/app_dev.php/,1477423471,,500
fbe33e,127.0.0.1,GET,http://localhost:8090/testPark/web/app_dev.php/,1477423501,,200
91f28d,127.0.0.1,POST,http://localhost:8090/testPark/web/app_dev.php/,1477423509,,200
a21546,127.0.0.1,GET,http://localhost:8090/testPark/web/app_dev.php/,1477423512,eecf27,200
eecf27,127.0.0.1,POST,http://localhost:8090/testPark/web/app_dev.php/,1477423512,,500
cc73bb,127.0.0.1,GET,http://localhost:8090/testPark/web/app_dev.php/,1477423653,1d1eab,200
1d1eab,127.0.0.1,GET,http://localhost:8090/testPark/web/app_dev.php/,1477423653,,500
